fecha,1,4,5,6,7,8,9,10,11,12,13,14,15,16,17,18,19,21,22,23,24,25,26,27,28,29,30,31,32,34,35,40,41,42,43
1996-03-31,18685.333333333332,,,,,,,,,6.933333333333334,,,12143.333333333334,12143.333333333334,10204.333333333334,1939.0,,,6632.666666666667,8855.333333333334,,,,-0.5,0.2,,,,,,,,,3610.3333333333335,64.7135
1996-06-30,19930.0,,,,,,,,,6.63,,,12946.666666666666,12946.666666666666,10994.333333333334,1952.3333333333333,,,7978.333333333333,9678.666666666666,,,47903.666666666664,0.0,-0.1,,,,,,,,,4435.0,67.0987
1996-09-30,19984.0,,,,,,,,,7.44,,,12222.0,12222.0,10194.0,2028.0,,,7122.0,9882.0,,,48275.0,0.2,0.2,,,,,,,,,3692.0,69.6068
1996-12-31,23385.333333333332,,,,,,,,,7.426666666666667,,,14048.333333333334,14048.333333333334,11821.0,2227.3333333333335,,,8835.0,10316.666666666666,,,51171.333333333336,-0.3,0.1,,,,,,,,,4564.0,72.2615
1997-03-31,24406.0,,,,,,,,,6.73,,,13371.0,13371.0,11050.0,2321.0,,,9248.0,11119.0,,,52298.0,-0.5,1.0,,,,,,,,,5189.0,74.8552
1997-06-30,25862.0,,,,,,,,,6.32,,,14041.0,14041.0,11694.0,2347.0,,,9932.0,11922.0,,,55291.0,0.2,0.9,,,,,,,,,5801.0,77.2873
1997-09-30,26521.0,,,,,,,,,6.52,,,14192.0,14192.0,11901.0,2291.0,,,10212.0,12785.0,,,57326.0,0.0,0.6,,,,,,,,,6289.0,79.7097
1997-12-31,29769.0,,,,,,,,,8.183333333333334,,,15966.0,15966.0,13412.0,2444.0,,,10221.333333333334,12802.333333333334,,,59592.0,0.2,0.3,,,,,,,,,6520.0,82.539
1998-03-31,29993.0,,,,,,,,,6.67,,,14485.0,14485.0,12099.0,2386.0,,,10408.0,12848.0,,,62267.0,-0.1,0.8,,,,,,,,,6488.0,85.1787
1998-06-30,30919.0,,,,,,,,,6.64,,,15013.0,15013.0,12424.0,2589.0,,,11726.0,13864.0,,,64230.0,0.2,1.1,,,,,,,,,7600.0,87.7756
1998-09-30,30716.0,,,,,,,,,10.25,,,14374.0,14374.0,12013.0,2361.0,,,11247.0,14114.0,,,66454.0,0.0,1.1,,,,,,,,,9432.0,90.7363
1998-12-31,31978.2,,,,,,,,,8.344000000000001,,,16378.4,16378.4,13800.0,2578.4,,,10799.4,13898.4,,,67279.8,0.0,0.7,,,,,,,,,8650.4,94.0085
1999-03-31,31725.0,,,,6.375,,,,5.91,6.58,,,14542.0,14542.0,12224.0,2318.0,,,9989.0,13263.0,,,66699.0,-0.8,-0.6,,,,,,,,,9170.0,97.2339
1999-06-30,32192.0,,,,8.4375,,,,6.5,7.59,,,14084.0,14084.0,11904.0,2180.0,,,11550.0,13597.0,,,66207.0,0.0,-1.3,,,,,,,,,9231.0,100.148
1999-09-30,32084.0,,,,9.6875,,,,8.56,8.47,,,13939.0,13939.0,11960.0,1979.0,,,10285.0,14444.0,,,65594.0,-0.2,-2.0,,,,,,,,,7954.0,103.5332
1999-12-31,33100.0,,,,10.890625,,,,7.932499999999999,9.4625,,,16493.0,16493.0,14105.0,2816.0,,,10457.5,13796.25,,,66139.25,-0.1,-1.8,,,,,,,,,10051.0,107.4496
2000-03-31,32976.0,,,,7.375,,,,6.32,6.79,,,13642.0,13642.0,11424.0,2218.0,,,10287.0,13958.0,,,64697.0,-0.5,-1.1,,,,,,,,,10875.0,110.8186
2000-06-30,34355.0,,,,8.0625,,,,7.14,7.87,,,13749.0,13749.0,11397.0,2352.0,,,11013.0,14330.0,,,63683.0,-0.2,-1.1,,,,,,,,,11925.0,114.1596
2000-09-30,33331.0,,,,8.895833333333334,,,,8.41,7.903333333333333,,,13618.666666666666,13618.666666666666,11398.333333333334,2220.3333333333335,,,10640.333333333334,13614.0,,,63668.333333333336,-0.2,-0.7,,,,,,,,,11061.333333333334,117.5001
2000-12-31,34234.0,,,,12.05,,,,11.795,9.904,,,15054.0,15054.0,12302.0,2634.8,,,10488.0,13568.6,,,62730.6,-0.1,-0.7,,,,,,,,,9552.0,121.9399
2001-03-31,29831.75,,,,25.46875,,,,48.68000000000001,19.509999999999998,,,13587.5,13587.5,11338.0,2249.5,,,8004.0,13453.75,,,58970.75,0.2,-1.0,,,,,,,,,7804.5,125.7013
2001-06-30,27346.0,,,,14.166666666666666,,,,9.39,11.696666666666665,,,14578.666666666666,13126.333333333334,10924.333333333334,2202.0,1452.3333333333333,,9417.333333333334,13103.666666666666,,,57839.666666666664,-0.7,-0.3,,,,,,,,,0.0,131.1879
2001-09-30,24635.0,,,,19.1875,,,,10.453333333333333,16.096666666666668,,,12246.0,10998.333333333334,9143.0,1855.3333333333333,1247.6666666666667,,7797.666666666667,12194.666666666666,,,54465.666666666664,-0.1,-1.1,,,,,,,,,0.0,140.7674
2001-12-31,15232.0,,,,7.5,,,,193.8754761904762,6.25,,,11982.0,10960.0,9082.0,1878.0,998.0,,10517.0,19290.0,,,50736.0,-0.1,-1.5,,,,,,,,,0.0,149.3932
2002-03-31,12768.0,,2.876666666666667,,45.875,,,,79.13333333333333,17.683333333333334,,,20420.0,14039.666666666666,12295.0,1744.6666666666667,6170.333333333333,,12465.0,16910.666666666668,,,64699.333333333336,4.0,7.9,,1.0481,,,,,,,0.0,151.0894
2002-06-30,9592.333333333334,,3.7933333333333334,,75.72916666666667,,,,38.64333333333334,58.79666666666667,,,20226.333333333332,14815.333333333334,13116.666666666666,1698.6666666666667,5411.0,,12759.333333333334,10751.333333333334,,,49039.333333333336,3.6,28.4,,1.2495,,,,,,,0.0,172.3338
2002-09-30,9404.0,,3.73,,34.6875,,,,15.77,38.05,,,22607.0,14857.0,12882.0,1975.0,7750.0,,12502.0,9745.0,,,38397.0,1.4,38.5,,1.3716,,,,,,,0.0,206.2799
2002-12-31,10476.0,,3.36,,21.3125,,,,10.0,27.89,,,29151.0,18802.0,16449.0,2353.0,10349.0,,14693.0,9580.0,,,35154.0,0.2,40.9,,1.4053,,,,,,,0.0,222.5757
2003-03-31,10514.0,,2.975,,16.796875,,,,7.0200000000000005,22.185,,,30671.5,19507.0,17099.5,2407.5,11164.5,78721.75,13813.25,9148.5,27967.75,,31887.25,0.6,31.7,,1.4341,,,,,,,0.0,235.3331
2003-06-30,12183.0,,2.81,,5.8125,,,,2.81,8.3,,,37674.0,22246.0,19489.0,2757.0,15428.0,85758.0,16891.0,11329.0,39092.0,,30621.0,-0.1,10.2,,1.4404,,,,,,,0.0,246.1966
2003-09-30,13406.0,,2.91,,3.8125,,,,1.54,4.41,,,40477.0,25320.0,22302.0,3018.0,15157.0,90135.0,18254.0,14600.0,38187.0,,30311.0,0.0,3.5,,1.4448,,,,,,,0.0,249.8752
2003-12-31,14119.0,,2.93,,2.8125,,,,1.61,4.01,,,46391.0,30316.0,26631.0,3685.0,16075.0,93745.0,23037.0,16305.0,37899.0,,30754.0,0.2,3.7,,1.4568,,,,,,,0.0,252.905
2004-03-31,15003.0,,2.86,,1.6875,,,,1.29,1.76,,,45633.0,29282.0,25695.0,3587.0,16351.0,100275.0,24870.0,20073.0,37841.0,60.3,31522.0,0.6,2.3,7.1,1.4678,,,,,,,0.0,254.6437
2004-06-30,17443.0,,2.96,,2.4375,,,,1.66,2.32,,,48627.0,31606.0,27440.0,4166.0,17021.0,111348.0,29017.0,24741.0,40492.0,54.3,34313.0,0.6,4.9,7.5,1.4983,,,,,,,944.0,256.304
2004-09-30,18224.0,,2.98,,5.1875,,,,2.35,3.6,,,47534.0,31855.0,28176.0,3679.0,15679.0,113374.0,28370.0,26660.0,44452.0,30.5,36585.0,0.6,5.9,7.3,1.52,,,,,,,3990.0,258.2908
2004-12-31,19646.0,,2.97,,4.0,,,,2.1,2.47,,,52477.0,37624.0,33825.0,3799.0,14853.0,117477.0,30610.0,27723.0,46120.0,27.2,38629.0,0.8,6.1,6.6,1.5367,,,,,,,5321.0,260.5184
2005-03-31,20339.0,,2.92,,3.3125,,,,2.39,3.09,,,50203.0,36184.0,32086.0,4098.0,14019.0,122790.0,30492.0,26041.0,50954.0,23.3,41350.0,1.5,9.2,8.3,1.5844,,,,,,,4742.0,262.5021
2005-06-30,23052.0,,2.89,,5.9375,,,3.75,5.26,4.29,,,51424.0,39636.0,35136.0,4500.0,11788.0,129644.0,31593.0,29509.0,53608.0,24.2,45237.0,0.9,9.0,8.3,1.6274,,,,,,3.82,6679.0,265.08
2005-09-30,25614.0,,2.91,,6.0625,,,3.75,4.9,3.41,,,52643.0,41732.0,37436.0,4296.0,10911.0,133410.0,31308.0,30305.0,56633.0,25.4,48493.0,1.2,10.3,9.6,1.6667,,,,,,3.82,7226.0,267.9764
2005-12-31,28077.0,,3.03,,7.729166666666667,,,4.5,8.603333333333333,4.343333333333333,,,54710.0,48337.0,43742.0,4676.666666666667,6373.0,137312.33333333334,38252.666666666664,30763.666666666668,55442.666666666664,25.7,53669.333333333336,1.1,12.3,12.5,1.7173,,,,,,4.6,7475.0,271.2018
2006-03-31,21549.0,,3.08,,8.625,,,4.5,8.77,5.04,,,59091.0,46608.0,41997.0,4611.0,12483.0,144023.0,36331.0,33613.0,60307.0,22.9,57039.0,1.2,11.1,12.2,1.7682,,,,,,4.6,3201.0,274.8618
2006-06-30,25490.0,,3.08,,9.125,,,5.25,8.22,7.4,,,63563.0,49837.0,44692.0,5145.0,13726.0,156280.0,40339.0,36063.0,65665.0,22.7,63154.0,0.5,11.0,11.5,1.8151,,,,,,5.39,5635.0,279.2274
2006-09-30,28060.0,,3.1,,9.479166666666666,,,5.333333333333333,8.11,6.886666666666667,,,69715.33333333333,51215.0,46803.333333333336,4411.666666666667,18500.333333333332,163516.0,40069.333333333336,35332.666666666664,73582.33333333333,22.6,69421.33333333333,0.9,10.4,10.3,1.8451,,,,,,5.476666666666667,3458.3333333333335,284.2083
2006-12-31,32080.5,,3.065,,9.875,,,5.75,8.379999999999999,5.1899999999999995,,,80093.5,59256.5,53728.5,5528.0,20837.0,171824.5,44552.5,36900.5,76053.5,21.7,75332.5,1.0,9.8,10.3,1.8904,,,,,,5.92,1528.5,289.3097
2007-03-31,36860.25,,3.1,,8.296875,,,6.75,7.3525,6.8025,,,79216.75,59505.75,53321.5,6184.25,19711.0,181731.0,44867.0,37666.5,84214.75,23.7,81032.25,0.8,9.1,9.7,1.9381,,,,,,6.98,4300.25,294.3824
2007-06-30,43209.0,,3.09,,8.1875,,,7.25,7.766666666666667,7.333333333333333,,,84507.0,63310.0,57716.333333333336,5593.666666666667,21197.0,192785.0,48991.0,41751.333333333336,84959.66666666667,27.4,87529.66666666667,0.4,8.8,9.9,1.9752,,,,,,7.52,4655.0,299.5068
2007-09-30,42813.0,,3.15,,11.75,,,8.0,8.916666666666666,9.82,,,87693.33333333333,65057.666666666664,59325.666666666664,5732.0,22635.666666666668,205540.0,46408.666666666664,43288.0,94168.0,28.3,97507.0,0.8,8.6,10.3,2.0048,,,,,,8.33,3537.0,305.4181
2007-12-31,46245.6,,3.15,,13.55,,9.75,8.0,10.038,10.28,,,99552.0,74773.4,66958.4,7815.0,24778.6,211087.2,53640.4,47069.6,87625.0,29.3,107625.6,0.9,8.5,9.8,2.051,,,,,,8.33,3406.8,312.7669
2008-03-31,50464.0,,3.17,,8.3125,,9.75,8.0,7.95,8.44,,,98437.0,71990.0,64880.0,7110.0,26447.0,231383.0,50245.0,48498.0,106506.0,27.5,113141.0,1.1,8.8,9.5,2.1006,,,,,,8.33,8090.0,319.1131
2008-06-30,47516.0,,3.02,,16.25,,10.75,8.75,8.94,13.6,,,102223.0,74329.0,66633.0,7696.0,27894.0,233913.0,57828.0,49356.0,103377.0,17.8,120788.0,0.6,9.3,9.6,2.1535,,,,,,9.14,5036.0,327.0011
2008-09-30,47121.0,,3.13,,12.5625,,11.75,9.75,10.0,11.92,,,101339.0,73385.0,65866.0,7519.0,27954.0,249307.0,62453.0,48245.0,113639.0,13.7,126752.0,0.5,8.7,9.4,2.1858,,,,,,10.24,12215.0,335.9517
2008-12-31,46386.0,,3.45,,19.75,,12.5,10.5,10.31,15.07,,,109449.0,84086.0,74043.0,10043.0,25363.0,238775.0,70535.0,53619.0,97398.0,8.2,130482.0,0.3,7.2,7.8,2.2144,,,,,,11.07,11353.0,348.0437
2009-03-31,46509.0,,3.71,,12.375,,12.5,10.5,11.63,12.49,,,97681.0,75965.0,66739.0,9226.0,21716.0,249173.0,62250.0,56291.0,110002.0,2.9,133242.0,0.6,6.3,6.9,2.2429,,,,,,11.07,18288.0,358.3526
2009-06-30,46026.0,,3.8,,12.9375,,12.5,10.5,10.24,12.09,,,103185.0,80782.0,71418.0,9364.0,22403.0,256908.0,64476.0,62061.0,106300.0,7.1,136101.0,0.4,5.3,6.5,2.2726,,,,,,11.07,13956.0,368.4904
2009-09-30,45348.0,,3.84,,12.1875,,11.25,9.25,9.07,11.33,,,103858.0,81310.0,72217.0,9093.0,22548.0,269198.0,68465.0,61564.0,115645.0,7.6,135911.0,0.7,6.2,7.2,2.3132,,,,,,9.69,12773.0,378.7848
2009-12-31,47967.0,,3.8,,10.0,,11.0,9.0,8.72,9.39,,,122350.0,98065.0,85999.0,12066.0,24285.0,276135.0,77921.0,67057.0,110768.0,16.2,143184.0,0.9,7.7,8.7,2.3684,,,,,,9.42,7894.0,388.2467
2010-03-31,47460.0,,3.88,,9.375,,11.0,9.0,8.6,8.95,,,122613.0,93945.0,81914.0,12031.0,28668.0,305450.0,72160.0,79704.0,126087.0,19.9,147770.0,1.1,9.7,10.5,2.4433,,,,,,9.42,11855.0,396.5673
2010-06-30,49240.0,3.96,3.93,,10.3125,,11.0,9.0,9.05,9.31,,,127163.0,99752.0,88054.0,11698.0,27411.0,343342.0,78238.0,86059.0,142128.0,23.2,160939.0,0.7,11.0,11.2,2.5129,,,,,,9.42,16631.0,405.6666
2010-09-30,51125.0,3.99,3.96,,10.4375,,11.0,9.0,10.02,9.62,10.97,29.24,139804.0,106983.0,94184.0,12799.0,32821.0,367574.0,80759.0,85415.0,161637.0,31.1,175685.0,0.7,11.1,11.6,2.5705,,,,,,9.42,11029.0,414.9959
2010-12-31,52153.5,4.01,3.9775,,11.203125,,11.0,9.0,9.99,9.9025,11.1875,28.46,161025.5,124592.75,113407.25,11185.5,36432.75,383082.0,108139.25,96180.5,151837.5,31.3,197330.5,0.8,10.9,12.2,2.63,,,,,,9.42,13760.5,424.5553
2011-03-31,51298.0,4.08,4.05,,11.125,,11.0,9.0,9.32,10.03,11.2,28.38,159290.0,127883.0,111170.0,16713.0,31407.0,422957.0,97735.0,94269.0,186825.0,37.1,210879.0,0.8,9.7,11.7,2.6911,,,,,,9.42,21094.0,434.2206
2011-06-30,51695.0,4.15,4.11,,11.4375,,11.0,9.0,9.56,10.44,11.36,27.64,176684.0,141826.0,122654.0,19172.0,34858.0,460306.0,101048.0,104903.0,200200.0,39.2,237000.0,0.7,9.7,11.5,2.7566,,,,,,9.42,10959.0,444.282
2011-09-30,48590.0,4.25,4.2,,14.0,,11.0,9.0,9.46,11.73,13.16,29.45,192686.0,148278.0,129621.0,18657.0,44408.0,484192.0,103580.0,103728.0,220324.0,36.8,267719.0,0.8,9.9,11.5,2.8211,,,,,,9.42,10454.0,454.8425
2011-12-31,46339.75,4.34,4.3025,,17.265625,,11.0,9.0,9.3475,13.67,21.6675,36.6375,222665.75,173126.5,151324.5,21802.0,49539.25,471573.5,136217.5,105800.0,194339.75,31.1,289849.5,0.8,9.5,11.3,2.8809,,,,,,9.42,13419.75,469.8436
2012-03-31,47278.5,4.42,4.38,,12.296875,,11.0,9.0,9.175,11.605,13.127500000000001,35.825,221241.0,170872.5,148723.25,22149.25,50368.5,522938.25,115539.75,107142.75,240531.5,29.9,302338.75,0.9,9.8,11.8,2.9524,,,,,,9.42,21137.25,483.4655
2012-06-30,46303.666666666664,4.57,4.53,,13.416666666666666,,11.0,9.0,9.31,12.223333333333334,12.520000000000001,32.61,246250.0,188992.0,168542.33333333334,20449.666666666668,57258.0,548409.0,130347.33333333333,116665.0,234515.66666666666,32.4,321591.3333333333,0.7,9.9,11.3,3.0288,,,,,,9.42,17898.333333333332,496.2997
2012-09-30,45062.666666666664,4.74,4.696666666666667,,14.708333333333334,,11.0,9.0,9.743333333333334,12.253333333333334,14.146666666666667,33.983333333333334,268333.6666666667,202006.33333333334,181572.0,20434.333333333332,66327.33333333333,593597.6666666666,129138.33333333333,112653.66666666667,273065.0,33.7,342614.6666666667,0.9,10.0,10.0,3.1017,,,,,,9.42,13943.0,510.4035
2012-12-31,43290.0,4.95,4.92,,15.4375,,11.0,9.0,12.75,12.42,14.76,33.46,307352.0,237010.0,209528.0,27482.0,70342.0,616894.0,186840.0,134444.0,243083.0,37.7,379321.0,1.0,10.8,10.77282688093499,3.1847,,,,,,9.42,15370.0,526.4769
2013-03-31,40427.142857142855,5.1657142857142855,5.1257142857142854,,14.732142857142858,,11.0,9.0,14.178571428571429,12.305714285714286,15.234285714285715,34.26857142857143,304568.71428571426,233191.2857142857,205031.2857142857,28160.0,71377.42857142857,665650.1428571428,152515.14285714287,131796.14285714287,294982.71428571426,35.3,394803.0,0.7,10.6,11.528853177501826,3.2733,,,,,,9.42,6381.285714285714,542.9705
2013-06-30,37089.666666666664,5.426666666666667,5.39,,17.25,,11.0,9.0,13.506666666666666,15.74,16.823333333333334,34.22666666666667,312514.6666666667,243935.0,219951.33333333334,23983.666666666668,68579.66666666667,705797.3333333334,160580.0,149548.66666666666,305849.3333333333,30.7,425627.6666666667,0.8,10.5,12.29327976625274,3.3426,,,,,,9.42,13003.666666666668,560.7211
2013-09-30,34741.0,5.84,5.79,,17.1875,,11.0,9.0,11.98,16.3,17.94,36.67,327433.0,255428.0,231293.0,24135.0,72005.0,752896.0,181358.0,151015.0,331647.0,27.8,458335.0,0.8,10.5,13.066106647187729,3.4292,,,,,,9.42,22250.0,580.5231
2013-12-31,30594.666666666668,6.569999999999999,6.526666666666666,,21.416666666666668,,11.0,9.0,27.343333333333334,15.22,29.866666666666667,39.84,377517.3333333333,289338.0,257337.0,32001.0,88179.33333333333,773443.3333333334,234075.33333333334,166987.33333333334,307781.3333333333,25.3,497454.3333333333,1.4,10.9,13.838933528122718,3.5202,,,,,,9.42,5631.666666666667,603.5114
2014-03-31,27007.0,8.08,8.01,,26.375,,11.0,9.0,10.09,23.32,24.98,45.48,349029.0,266195.0,237558.0,28637.0,82834.0,841854.0,204533.0,162752.0,376089.0,18.9,512528.0,2.6,19.1,14.594959824689553,3.807,,,,,,9.42,29382.0,632.6413
2014-06-30,29278.0,8.2,8.13,,22.8125,,11.0,9.0,13.37,21.13,25.89,38.53,370611.0,286194.0,256606.0,29588.0,84417.0,888723.0,223447.0,201100.0,357970.0,20.3,529925.0,1.3,21.8,15.359386413440468,4.0481,,,,,,9.42,20020.0,665.3099
2014-09-30,27866.0,8.53,8.46,,19.875,,11.0,9.0,10.31,19.38,16.74,37.47,382315.0,304918.0,271754.0,33164.0,77397.0,935917.0,235812.0,199819.0,387282.0,23.3,556742.0,1.4,23.6,16.132213294375457,4.2154,,,,,,9.42,29247.0,694.5133
2014-12-31,31407.666666666668,8.61,8.55,,20.354166666666668,,16.0,13.0,25.653333333333332,20.8,26.37,37.596666666666664,463663.3333333333,358994.3333333333,315703.0,43291.333333333336,104669.0,1010403.3333333334,316337.0,221235.0,386608.6666666667,26.1,597473.3333333334,1.0,23.7,16.905040175310447,4.3769,,,,,,13.88,30450.333333333332,725.9451
2015-03-31,31490.0,8.88,8.82,,21.875,,16.0,13.0,12.62,22.23,19.56,37.88,440354.0,350338.0,310006.0,40332.0,90016.0,1101175.0,273742.0,230368.0,462121.0,32.7,627637.0,1.3,16.4,17.661066471877284,4.5137,,,,,,13.88,33606.0,758.6691
2015-06-30,33851.0,9.15,9.09,,20.8125,,16.0,13.0,15.28,21.5,18.73,35.82,482719.0,387519.0,348125.0,39394.0,95200.0,1195204.0,288611.0,276614.0,486251.0,35.8,677767.0,1.0,14.8,18.425493060628195,4.6723,,,,,,13.88,37065.0,792.9817
2015-09-30,33257.0,9.5,9.42,,21.125,,23.0,18.0,18.27,21.97,21.77,36.17,530135.0,413997.0,375612.0,38385.0,116138.0,1252432.0,305110.0,268816.0,527774.0,35.8,729157.0,1.2,14.4,19.198319941563184,4.8352,,,,,,19.72,29006.0,829.7614
2015-12-31,25563.0,13.4,13.01,33.0,27.25,,26.0,18.0,23.83,25.42,27.87,41.69,623890.0,478777.0,425366.0,53411.0,145113.0,1389851.0,374984.0,330538.0,583965.0,37.2,811565.0,3.9,18.5,19.971146822498174,5.0355,,,,,,19.72,26377.0,872.8497
2016-03-31,29572.0,14.89,14.58,38.0,30.75,,39.0,30.0,31.01,28.24,34.85,41.6,573019.0,453440.0,393995.0,59445.0,119579.0,1479487.0,329399.0,342835.0,652308.0,27.6,831142.0,3.0,26.2,20.735573411249085,5.5636,14.05,14.05,,,,34.97,47339.0,922.0944
2016-06-30,30507.0,15.21,14.92,30.75,26.625,,35.5,26.5,27.13,25.57,30.49,40.14,631231.0,467120.0,417507.0,49613.0,164111.0,1610309.0,329232.0,420388.0,673969.0,21.4,896289.0,3.1,35.8,21.5,6.0946,15.37,16.16,,,,30.33,70551.0,977.0075
2016-09-30,29902.0,15.49,15.26,26.75,22.1875,,31.5,22.5,24.07,20.61,26.5,41.45,682655.0,492770.0,441108.0,51662.0,189885.0,1662690.0,330370.0,436740.0,696159.0,19.5,953575.0,1.1,35.5,21.1,6.5437,16.52,16.78,,,,25.22,51318.0,1024.5819
2016-12-31,39304.0,16.14,15.873333333333333,24.75,19.854166666666668,,26.75,22.75,24.4,18.52,26.669999999999998,38.269999999999996,832759.6666666666,595049.3333333334,527575.3333333334,67474.0,237710.33333333334,1982445.3333333333,489155.0,636272.0,697791.6666666666,24.4,1068034.3333333333,1.2,33.1,19.6,6.8378,17.26,18.12,,,,25.54,65160.0,1065.7113
2017-03-31,50522.0,15.63,15.38,24.75,19.0625,19.75,26.75,22.75,22.92,18.4,24.26,36.67,754752.0,587046.0,506950.0,80096.0,167706.0,2177533.0,424706.0,768815.0,786833.0,31.6,1128902.0,2.4,28.3,18.4,7.155,18.05,18.89,,,,25.54,200434.0,1104.5635
2017-06-30,47995.0,16.88,16.6,26.25,20.125,20.875,28.25,24.25,24.08,18.32,25.71,36.0,833104.0,626960.0,560039.0,66921.0,206144.0,2176471.0,432770.0,727072.0,804914.0,35.7,1260617.0,1.2,21.8,17.0,7.657,19.33,20.3,,,,27.43,139658.0,1143.2226
2017-09-30,50373.333333333336,17.630000000000003,17.330000000000002,26.25,21.541666666666668,22.5,28.25,24.25,25.203333333333333,19.580000000000002,26.526666666666667,37.04333333333334,875949.3333333334,664191.0,600371.3333333334,63819.666666666664,211758.33333333334,2297557.3333333335,443092.0,799685.0,826297.3333333334,36.2,1420229.3333333333,1.9,23.8,16.9,7.9854,20.16,21.58,,,,27.43,72215.66666666667,1184.1371
2017-12-31,55393.0,18.83,18.66,28.75,23.15625,23.78125,30.75,26.75,28.015,21.525,30.225,39.96,1039842.0,787907.5,701577.0,86330.5,251934.5,2572189.0,531500.5,924600.0,866677.5,32.8,1622340.5,3.1,24.8,17.4,8.3843,21.15,22.08,,,,30.66,67890.0,1231.9652
2018-03-31,61637.0,20.44,20.15,27.25,22.65625,23.0,29.25,25.25,26.405,20.990000000000002,27.68,39.89,1037735.0,755395.0,665364.5,90030.5,282340.0,2836054.0,505273.5,942771.0,1122973.5,29.5,1770262.0,2.3,25.4,17.8,8.9724,22.61,22.79,,,,28.71,29757.0,1281.7069
2018-06-30,61665.333333333336,29.393333333333334,28.813333333333333,40.0,32.791666666666664,34.166666666666664,45.0,35.0,40.43,30.076666666666668,43.28333333333333,44.163333333333334,1075205.6666666667,757439.3333333334,673640.3333333334,83799.0,317766.3333333333,3329168.6666666665,653186.6666666666,1216141.0,1171995.6666666667,24.0,2019008.0,3.7,29.5,24.2,9.635,24.31,24.99,,,,41.88,75610.0,1343.1122
2018-09-30,48904.333333333336,41.123333333333335,40.52666666666667,66.45333333333333,44.729166666666664,46.604166666666664,89.18181818181819,48.666666666666664,68.42333333333333,40.14666666666667,73.35666666666667,59.79333333333334,1274023.6666666667,753570.3333333334,654368.6666666666,99201.66666666667,520453.3333333333,3938741.3333333335,592295.3333333334,1475685.6666666667,1547819.3333333333,19.3,2242942.0,6.5,40.5,31.9,10.6099,26.73,26.86,,,,62.64666666666667,13239.666666666668,1436.9631
2018-12-31,65809.4,38.784,37.882,59.25,48.0,50.6375,74.826,46.53,57.858000000000004,43.724,63.378,62.18,1394648.4,859814.4,740128.2,119686.2,534834.0,4166243.6,741912.0,1527091.0,1603529.0,15.9,2155217.2,2.6,47.6,28.7,12.3387,31.06,30.71,,,,59.2,7961.799999999999,1583.2121
2019-03-31,66204.33333333333,44.04,42.99666666666667,68.15333333333334,45.979166666666664,49.708333333333336,85.81,58.86,62.166666666666664,43.06333333333333,67.91333333333333,59.589999999999996,1358615.6666666667,807093.6666666666,703838.0,103255.66666666667,551522.0,4484657.0,600547.6666666666,1712644.3333333333,1856443.3333333333,16.2,2225664.6666666665,4.7,54.7,30.7,13.4838,33.97,32.64,,,,80.06,9228.0,1717.1516
2019-06-30,64191.333333333336,43.553333333333335,42.24333333333333,62.28333333333333,47.625,49.479166666666664,79.25,55.61,60.9,48.016666666666666,65.37666666666667,65.88666666666667,1400455.0,879296.0,779695.0,99601.0,521159.0,4671222.333333333,594488.6666666666,1787283.3333333333,1899126.0,24.6,2230791.6666666665,2.7,55.8,30.0,15.092,38.03,35.02,,,,74.31666666666668,15673.666666666666,1896.5793
2019-09-30,48703.0,59.82,57.56,78.37,58.875,60.9375,122.03,70.2,68.85,57.75,79.32,75.51,1310029.0,924758.0,816302.0,108456.0,385271.0,4729674.0,737645.0,1683351.0,1883096.0,32.0,2450763.0,5.9,53.5,48.0,16.4026,41.26,37.17,,,,101.64,224579.0,2104.0238
2019-12-31,44845.0,62.99333333333333,59.88333333333333,55.0,39.25,39.979166666666664,87.0,48.13,46.07666666666667,37.53333333333333,54.986666666666665,70.00666666666666,1889349.6666666667,1155229.3333333333,1009328.6666666666,145900.66666666666,734120.3333333334,5062897.666666667,929539.6666666666,1806613.3333333333,1858027.6666666667,40.9,2497987.0,3.7,53.8,42.2,18.7009,47.16,42.68,,,,61.77,444169.6666666667,2307.9881
2020-03-31,43574.5,66.595,64.5,38.0,27.28125,26.75,45.6,11.4,6.535,26.244999999999997,32.769999999999996,54.519999999999996,2342496.5,1240512.0,1057530.5,182981.5,1101984.5,5879422.5,1113589.0,2088100.0,2098215.0,65.2,2587600.0,3.3,48.4,39.5,20.4552,51.62,47.41,45.45,30.939999999999998,,12.07,47227.5,2452.9373
2020-06-30,43242.0,74.07,70.46,38.0,29.6875,29.75,41.8,19.0,15.48,29.29,21.96,49.29,2164501.0,1575181.0,1385093.0,190088.0,589320.0,6963191.0,1362749.0,2335221.0,2716198.0,102.3,2793137.0,2.2,42.8,52.5,21.8154,55.06,49.64,45.44,34.05,,20.92,737391.0,2562.0558
2020-09-30,41379.0,80.63,76.18,38.0,29.6875,29.3125,41.8,19.0,15.83,30.07,20.61,52.11,2393695.0,1677555.0,1485279.0,192276.0,716140.0,7632524.0,1493586.0,2350592.0,3230836.0,92.0,2956883.0,2.8,36.6,50.5,23.1957,58.52,52.34,45.44,34.05,1.05,20.92,715960.0,2702.6174
2020-12-31,39409.8,89.94,84.26,38.0,34.2125,34.225,42.7,32.0,26.704,33.888,34.322,55.042,2501557.8,1897768.8,1638867.4,258901.4,603789.0,8355710.4,1732220.2,2707216.0,3276151.2,82.2,3259569.0,4.0,36.1,49.8,25.4943,64.32,61.04,45.416,40.088,1.13,37.69,1112458.2,2870.9725
2021-03-31,39593.0,97.69,91.99,38.0,34.0625,33.875,42.7,32.0,31.0,33.84,36.05,54.83,2432295.0,1827988.0,1558246.0,269742.0,604307.0,9119417.0,1844686.0,2742604.0,3917497.0,58.2,3395230.0,4.8,42.6,43.1,28.5139,71.92,74.41,45.41,39.88,1.23,37.69,1504964.0,3057.8202
2021-06-30,42437.0,101.17,95.73,38.0,34.125,33.8125,42.7,32.0,30.84,33.95,35.76,46.96,2735557.0,2016618.0,1789158.0,227460.0,718939.0,10246538.0,1965500.0,3176218.0,4351161.0,31.5,3636993.0,3.2,50.2,42.9,32.1626,81.13,84.46,45.44,39.97,1.41,37.69,1691587.0,3261.912
2021-09-30,42911.0,104.3,98.74,38.0,34.1875,34.0625,42.7,32.0,30.1,34.15,35.99,51.3,2940337.0,2182415.0,1941597.0,240818.0,757922.0,11241294.0,2172919.0,3405879.0,4804072.0,41.6,3997120.0,3.5,52.5,45.6,35.1787,88.76,92.04,45.44,40.05,1.55,37.69,2170303.0,3477.6995
2021-12-31,39645.5,108.29,102.8225,38.0,34.140625,33.9375,42.7,32.0,29.21,33.557500000000005,35.065,51.7175,3721201.25,2692632.25,2418408.75,274223.5,1028569.0,12791683.5,2920606.25,3956965.5,4972625.0,54.4,4610347.25,3.8,50.9,54.8,38.6418,97.51,99.84,45.44,39.989999999999995,1.72,37.69,2812961.0,3708.6151
2022-03-31,43137.0,116.45,110.98,44.5,41.8125,41.5,46.5,34.5,33.94,41.91,38.89,52.96,3513786.0,2645803.0,2354628.0,291175.0,867983.0,13574779.0,2729048.0,3946263.0,6024120.0,-0.9,5012946.0,6.7,55.1,55.4,43.1872,108.9,106.77,54.89,50.78,1.89,41.18,677469.0,3973.388
2022-06-30,42787.0,130.44,125.22,52.0,50.625,49.8125,57.5,40.5,42.26,49.3,44.43,58.45,3981921.0,3071287.0,2767880.0,303407.0,910634.0,16608235.0,3222185.0,5030144.0,7216279.0,6.4,5926684.0,5.3,64.0,68.8,51.201,129.08,118.72,66.51,64.11,2.22,49.9,1170860.0,4321.8516
2022-09-30,37625.0,154.25,147.32,75.0,69.125,66.5,95.0,70.0,67.67,69.6,72.34,72.41,4099049.0,3195014.0,2864449.0,330565.0,904035.0,19698132.0,3977414.0,5489260.0,9001476.0,9.9,6604300.0,6.2,83.0,94.1,61.405,154.72,141.89,107.35,95.64,2.61,101.24,1489049.0,4837.9223
2022-12-31,44601.333333333336,184.88,177.46666666666667,75.0,69.375,66.47916666666667,95.0,70.0,70.55,69.87,73.75333333333333,80.02333333333334,5202633.666666667,4097939.0,3722532.3333333335,375406.6666666667,1104694.6666666667,23748906.0,4744957.333333333,7303272.666666667,10266994.666666666,15.9,7665531.333333333,5.1,94.8,98.4,73.4982,185.32,171.93,107.35,96.1,3.11,101.24,2058352.3333333333,5559.2965
2023-03-31,39060.0,216.24,208.99,78.0,72.4375,69.5625,97.0,72.0,71.83,73.58,76.15,75.63,5369482.0,4091246.0,3642282.0,448964.0,1278236.0,27256253.0,4522029.0,8437818.0,12682094.0,101.3,8956977.0,7.7,104.3,113.3,86.6092,218.27,204.54,113.31,101.84,3.63,105.3,2694266.0,6368.8655
2023-06-30,27926.0,270.16,256.68,97.0,92.25,90.125,116.0,91.0,89.82,93.05,93.65,98.35,5885739.0,4683197.0,4204390.0,478807.0,1202542.0,33907817.0,5753252.0,10685591.0,15594385.0,107.2,11280691.0,6.0,115.6,161.4,108.2803,272.76,240.44,154.88,142.81,4.53,148.15,3716127.0,7554.2716
2023-09-30,26828.0,366.07,350.01666666666665,118.0,114.0625,111.125,140.0,111.0,111.67666666666666,112.63333333333334,114.06666666666666,103.24333333333334,6837676.333333333,5437617.666666667,4889208.333333333,548409.3333333334,1400058.6666666667,43316853.333333336,7591066.666666667,14257103.0,19244522.333333332,125.2,14268530.333333334,12.7,138.3,185.9,134.3015,337.84,296.64,209.45,196.57666666666665,5.61,202.93,6360806.666666667,9290.9767
2023-12-31,23271.5,849.1800000000001,809.565,100.0,108.875,107.46875,160.0,100.0,96.495,107.465,105.07499999999999,140.735,9653362.5,7449550.5,6636718.5,812832.0,2203812.0,63137857.0,12330918.0,28211937.0,19405961.0,165.4,19038282.0,25.5,211.4,213.0,184.9331,463.4,399.38,171.46,182.89,7.38,171.46,24367288.5,11767.3496
2024-03-31,27558.428571428572,903.7271428571428,859.6085714285714,80.0,70.80357142857143,71.42857142857143,120.0,80.0,82.26142857142857,70.11428571428571,83.93857142857144,115.49000000000001,11972827.57142857,8464733.142857144,7401341.142857143,1063392.0,3508094.4285714286,79300395.42857143,14793308.142857144,28973104.42857143,31434090.14285714,178.2,24566548.42857143,11.0,287.9,120.0,316.3066,786.1,644.57,122.36,98.75857142857143,10.74,122.36,31692310.0,14205.4791
2024-06-30,29417.333333333332,952.64,913.5833333333334,40.0,34.8125,35.604166666666664,60.0,40.0,41.336666666666666,34.64,43.96,62.25,22921761.333333332,12505750.333333334,11266018.333333334,1239732.0,10416011.0,96792188.33333333,18068030.333333332,36282801.333333336,36566419.666666664,185.8,34946533.0,4.6,271.5,63.3,414.0462,1042.74,789.11,49.15,40.906666666666666,15.6,49.15,12620935.0,15513.9339
2024-09-30,27172.0,1004.94,970.92,40.0,39.75,41.25,45.0,40.0,45.96,39.41,48.9,67.8,22396060.0,14803722.0,13209400.0,1594322.0,7592338.0,122456209.0,22049849.0,49873630.0,43989710.0,146.5,49181044.0,3.5,209.0,40.9,469.3335,1180.35,900.08,49.15,47.81,18.96,49.15,0.0,16671.393
2024-12-31,30214.0,1040.27,1011.75,35.0,36.5,37.5,40.0,40.0,41.93,36.59,42.44,68.7,23823912.0,16320194.0,14572695.0,1747499.0,7503718.0,136758094.0,24933783.0,52086121.0,52186760.0,109.4,59190369.0,2.7,193.0,35.0,502.5056,1267.86,958.0,41.88,43.23,20.62,49.15,0.0,17539.0748
